Mean,StdDev,MaxFitness,MinFitness,MedianFitness
0.91061929593276,0.000571961269490308,0.912347599719098,0.910017315197352,0.910437268303238
