Mean,StdDev,MaxFitness,MinFitness,MedianFitness
0.902011056735284,0.00189509102213893,0.911602609769906,0.901046207297612,0.901508022335647
