Mean,StdDev,MaxFitness,MinFitness,MedianFitness
0.919122470699909,0.0126274634663128,0.943214461751172,0.902888318359631,0.915756406311903
