Mean,StdDev,MaxFitness,MinFitness,MedianFitness
0.920088850695702,0.00633968102695882,0.934760587130713,0.910189325213033,0.919969882417816
