Mean,StdDev,MaxFitness,MinFitness,MedianFitness
0.335322972236262,0.000314961198312245,0.335606008157528,0.334449907704077,0.335442033159413
