Mean,StdDev,MaxFitness,MinFitness,MedianFitness
0.384204011847584,0.00902585701915355,0.388623565481293,0.3602111055398,0.388273876638649
