Mean,StdDev,MaxFitness,MinFitness,MedianFitness
0.901513517957886,0.000625221784677698,0.904379646226602,0.901017293860105,0.901366593008238
