Mean,StdDev,MaxFitness,MinFitness,MedianFitness
0.910471585908642,0.000439743322543517,0.91153872906485,0.910003406131626,0.910314179748417
