Mean,StdDev,MaxFitness,MinFitness,MedianFitness
0.910541488312692,0.000544032263041945,0.912047309423045,0.910018619575578,0.910370170899488
