Mean,StdDev,MaxFitness,MinFitness,MedianFitness
0.892156331036126,0.000365150900252327,0.89231340849648,0.890768008395165,0.89229210370817
