Mean,StdDev,MaxFitness,MinFitness,MedianFitness
0.783800355704456,2.11259613277434e-09,0.783800356235335,0.783800344646773,0.783800356218181
