Mean,StdDev,MaxFitness,MinFitness,MedianFitness
0.778824741372475,0.0607047579703574,0.835998795350178,0.590964015282419,0.808890171023516
