Mean,StdDev,MaxFitness,MinFitness,MedianFitness
0.857749358969363,0.00355908706445293,0.861914988447721,0.844205932999651,0.858035163097462
