Mean,StdDev,MaxFitness,MinFitness,MedianFitness
0.432870186155065,0.0969347132958853,0.624806205990464,0.322578604244888,0.398620945411663
